Course Title,Delivery Type
Omnicast™ Administrator Certification Training,Instructor-led
Omnicast™ Administrator Certification Training,Self-paced
Omnicast™ Advanced Administrator Certification Training,Instructor-led
Omnicast™ Operator Training,Self-paced
Synergis™ Administrator Certification Training,Instructor-led
Synergis™ Administrator Certification Training,Self-paced
Synergis™ Advanced Administrator Certification Training,Instructor-led
Synergis™ Operator Training,Self-paced
Security Center SaaS Bridge Administrator Certification Training,Self-paced
Security Center SaaS Unified Administrator Certification Training,Self-paced
Security Center SaaS VMS Administrator Certification Training,Self-paced
Security Center SaaS ACS Administrator Certification Training,Self-paced
Security Center SaaS Operator Training  ,Self-paced
Security Center™ Power User Training,Self-paced
Security Center™ Enterprise Certification Training,Instructor-led
Genetec ClearID™ Operator Training,Self-paced
Genetec ClearID™ Administrator Certification Training,Instructor-led
Sipelia™ Administrator Training,Instructor-led
Sipelia™ Operator Training,Self-paced
Genetec™ Restricted Security Area Surveillance Certification Training,Self-paced
Genetec™ Industrial IoT Training,Self-paced
KiwiVision™ Video Analytics Certification Training,Self-paced
KiwiVision™ Camera Integrity Monitor Training,Self-paced
KiwiVision™ People Counter Certification Training,Self-paced
KiwiVision™ Privacy Protector Certification Training,Self-paced
Genetec Clearance™ Operator Training,Self-paced
Genetec Clearance™ Administrator Training,Self-paced
AutoVu SharpV Administrator Certification Training,Instructor-led
AutoVu SharpV Bridge Administrator Certification Training,Self-paced
AutoVu SharpV Operator Training,Self-paced
AutoVu SharpZ3 Certification Training,Instructor-led
AutoVu Mobile Operator Training,Self-paced
Security Center™ System Hardening Certification Training,Self-paced
Security Center™ CAPSS Certification Training,Self-paced
Security Center™ System Upgrade and Migration Certification Training,Instructor-led
Genetec Mission Control™ Administrator Certification Training,Instructor-led
Genetec Mission Control™ Operator Training,Instructor-led
Genetec Mission Control™ Operator Training,Self-paced
Synergis™ Evacuation Assistant Administrator Training,Self-paced
Synergis™ Evacuation Assistant Operator Training,Self-paced
Intrusion Detection in Security Center™ Administrator Training,Self-paced
Intrusion Detection in Security Center™ Operator Training,Self-paced
Maps in Security Center™ Administrator Training,Self-paced
Maps in Security Center™ Operator Training,Self-paced
 Wearable Camera Manager in Security Center™ Training,Self-paced
"
Security Center Mobile operator training",Self-paced
,
